{"type": "scene", "properties": {"width": 100.0, "height": 85.38011695906434, "baseExtent": {"x": 14737512.276281627, "y": -3361158.589889585, "width": 5429250.005537834, "height": 4635500.004728209, "rotation": 0}, "zExaggeration": 1.0, "zShift": 0.0}, "layers": [{"type": "layer", "id": 1, "properties": {"name": "ne_10m_populated_places copy", "clickable": true, "visible": true, "type": "point", "objType": "Cylinder"}, "data": {"materials": [{"type": 0, "c": 16711680}], "blocks": [{"url": "./data/index/a0.json", "featureCount": 50}, {"url": "./data/index/a1.json", "featureCount": 50}, {"url": "./data/index/a2.json", "featureCount": 50}, {"url": "./data/index/a3.json", "featureCount": 50}, {"url": "./data/index/a4.json", "featureCount": 29}]}}, {"type": "layer", "id": 2, "properties": {"name": "Flat Plane", "clickable": true, "visible": true, "type": "dem", "shading": true}, "data": [{"type": "block", "layer": 2, "block": 0, "width": 100.0, "height": 85.3515625, "translate": [0.0, 0.0, 0.0], "zShift": 0.0, "zScale": 1.841875026900585e-05, "material": {"type": 0, "image": {"url": "./data/index/b0.png"}, "ds": 1}, "grid": {"width": 2, "height": 2, "url": "./data/index/b0.bin"}}]}]}